Product Name,Price,Availability,URL,Timestamp
Producto no encontrado,Precio no disponible,Disponibilidad no encontrada,https://www.amazon.com/Fluke-323-Commercial-Residential-Electricians/dp/B00AQKIEXY?ref_=ast_sto_dp,2025-01-08 09:40:35
Producto no encontrado,Precio no disponible,Disponibilidad no encontrada,https://www.amazon.com/Fluke-1000A-Wireless-Clamp-Iflex/dp/B017OVC2QM?ref_=ast_sto_dp,2025-01-08 09:40:35
Producto no encontrado,Precio no disponible,Disponibilidad no encontrada,https://www.amazon.com/Fluke-323-KIT-Multimeter-Clamp/dp/B00DK8HBXS?ref_=ast_sto_dp,2025-01-08 09:40:36
Producto no encontrado,Precio no disponible,Disponibilidad no encontrada,https://www.amazon.com/Fluke-FC-True-RMS-Clamp-Meter/dp/B01BENTS7M?ref_=ast_sto_dp,2025-01-08 09:40:36
"Fluke 323 Clamp Meter For Commercial/Residential Electricians, Measures AC Current To 400 A,Measures AC/DC Voltage To 600 V, Resistance And Continuity, Includes 2 Year Warranty And Soft Carrying Case",157,In Stock,https://www.amazon.com/Fluke-323-Commercial-Residential-Electricians/dp/B00AQKIEXY?ref_=ast_sto_dp,2025-01-08 09:50:40
"Fluke 376FC AC/DC Clamp Meter with iFlex For Industrial/Commercial Electricians, VFD Low Pass Filter For Accurate Measurements, Inrush Measurements, Bluetooth Connectivity For Remote Measurements",535,Only 2 left in stock - order soon.,https://www.amazon.com/Fluke-1000A-Wireless-Clamp-Iflex/dp/B017OVC2QM?ref_=ast_sto_dp,2025-01-08 09:51:03
"Fluke 116/323 KIT Multimeter and Clamp Meter HVAC Combo Kit, AC/DC Voltage, AC Current 400 A, Microamps To Test Flame Sensors, Includes Temp Probe, Test Leads, TPAK And Carrying Case",157,,https://www.amazon.com/Fluke-323-KIT-Multimeter-Clamp/dp/B00DK8HBXS?ref_=ast_sto_dp,2025-01-08 09:51:19
Fluke 902 FC HVAC True-RMS Clamp Meter,144,This item cannot be shipped to your selected delivery location. Please choose a different delivery location.,https://www.amazon.com/Fluke-FC-True-RMS-Clamp-Meter/dp/B01BENTS7M?ref_=ast_sto_dp,2025-01-08 09:51:35
"Fluke 323 Clamp Meter For Commercial/Residential Electricians, Measures AC Current To 400 A,Measures AC/DC Voltage To 600 V, Resistance And Continuity, Includes 2 Year Warranty And Soft Carrying Case",157,In Stock,https://www.amazon.com/Fluke-323-Commercial-Residential-Electricians/dp/B00AQKIEXY?ref_=ast_sto_dp,2025-01-08 10:17:19
"Fluke 376FC AC/DC Clamp Meter with iFlex For Industrial/Commercial Electricians, VFD Low Pass Filter For Accurate Measurements, Inrush Measurements, Bluetooth Connectivity For Remote Measurements",535,Only 2 left in stock - order soon.,https://www.amazon.com/Fluke-1000A-Wireless-Clamp-Iflex/dp/B017OVC2QM?ref_=ast_sto_dp,2025-01-08 10:17:25
"Fluke 116/323 KIT Multimeter and Clamp Meter HVAC Combo Kit, AC/DC Voltage, AC Current 400 A, Microamps To Test Flame Sensors, Includes Temp Probe, Test Leads, TPAK And Carrying Case",31,,https://www.amazon.com/Fluke-323-KIT-Multimeter-Clamp/dp/B00DK8HBXS?ref_=ast_sto_dp,2025-01-08 10:17:23
Fluke 902 FC HVAC True-RMS Clamp Meter,33,This item cannot be shipped to your selected delivery location. Please choose a different delivery location.,https://www.amazon.com/Fluke-FC-True-RMS-Clamp-Meter/dp/B01BENTS7M?ref_=ast_sto_dp,2025-01-08 10:17:19
"Fluke 323 Clamp Meter For Commercial/Residential Electricians, Measures AC Current To 400 A,Measures AC/DC Voltage To 600 V, Resistance And Continuity, Includes 2 Year Warranty And Soft Carrying Case",118,In Stock,https://www.amazon.com/Fluke-323-Commercial-Residential-Electricians/dp/B00AQKIEXY?ref_=ast_sto_dp,2025-01-08 10:28:07
"Fluke 376FC AC/DC Clamp Meter with iFlex For Industrial/Commercial Electricians, VFD Low Pass Filter For Accurate Measurements, Inrush Measurements, Bluetooth Connectivity For Remote Measurements",436,In Stock,https://www.amazon.com/Fluke-1000A-Wireless-Clamp-Iflex/dp/B017OVC2QM?ref_=ast_sto_dp,2025-01-08 10:28:35
"Fluke 116/323 KIT Multimeter and Clamp Meter HVAC Combo Kit, AC/DC Voltage, AC Current 400 A, Microamps To Test Flame Sensors, Includes Temp Probe, Test Leads, TPAK And Carrying Case",321,In Stock,https://www.amazon.com/Fluke-323-KIT-Multimeter-Clamp/dp/B00DK8HBXS?ref_=ast_sto_dp,2025-01-08 10:28:59
Fluke 902 FC HVAC True-RMS Clamp Meter,239,In Stock,https://www.amazon.com/Fluke-FC-True-RMS-Clamp-Meter/dp/B01BENTS7M?ref_=ast_sto_dp,2025-01-08 10:29:19
"Fluke 323 Clamp Meter For Commercial/Residential Electricians, Measures AC Current To 400 A,Measures AC/DC Voltage To 600 V, Resistance And Continuity, Includes 2 Year Warranty And Soft Carrying Case",118,In Stock,https://www.amazon.com/Fluke-323-Commercial-Residential-Electricians/dp/B00AQKIEXY?ref_=ast_sto_dp,2025-01-08 10:31:20
"Fluke 376FC AC/DC Clamp Meter with iFlex For Industrial/Commercial Electricians, VFD Low Pass Filter For Accurate Measurements, Inrush Measurements, Bluetooth Connectivity For Remote Measurements",436,In Stock,https://www.amazon.com/Fluke-1000A-Wireless-Clamp-Iflex/dp/B017OVC2QM?ref_=ast_sto_dp,2025-01-08 10:31:47
"Fluke 116/323 KIT Multimeter and Clamp Meter HVAC Combo Kit, AC/DC Voltage, AC Current 400 A, Microamps To Test Flame Sensors, Includes Temp Probe, Test Leads, TPAK And Carrying Case",321,In Stock,https://www.amazon.com/Fluke-323-KIT-Multimeter-Clamp/dp/B00DK8HBXS?ref_=ast_sto_dp,2025-01-08 10:32:10
Fluke 902 FC HVAC True-RMS Clamp Meter,239,In Stock,https://www.amazon.com/Fluke-FC-True-RMS-Clamp-Meter/dp/B01BENTS7M?ref_=ast_sto_dp,2025-01-08 10:32:36
"Fluke 323 Clamp Meter For Commercial/Residential Electricians, Measures AC Current To 400 A,Measures AC/DC Voltage To 600 V, Resistance And Continuity, Includes 2 Year Warranty And Soft Carrying Case",118,In Stock,https://www.amazon.com/Fluke-323-Commercial-Residential-Electricians/dp/B00AQKIEXY?ref_=ast_sto_dp,2025-01-09 12:55:53
"Fluke 376FC AC/DC Clamp Meter with iFlex For Industrial/Commercial Electricians, VFD Low Pass Filter For Accurate Measurements, Inrush Measurements, Bluetooth Connectivity For Remote Measurements",436,In Stock,https://www.amazon.com/Fluke-1000A-Wireless-Clamp-Iflex/dp/B017OVC2QM?ref_=ast_sto_dp,2025-01-09 12:56:18
"Fluke 116/323 KIT Multimeter and Clamp Meter HVAC Combo Kit, AC/DC Voltage, AC Current 400 A, Microamps To Test Flame Sensors, Includes Temp Probe, Test Leads, TPAK And Carrying Case",321,In Stock,https://www.amazon.com/Fluke-323-KIT-Multimeter-Clamp/dp/B00DK8HBXS?ref_=ast_sto_dp,2025-01-09 12:56:38
Fluke 902 FC HVAC True-RMS Clamp Meter,239,In Stock,https://www.amazon.com/Fluke-FC-True-RMS-Clamp-Meter/dp/B01BENTS7M?ref_=ast_sto_dp,2025-01-09 12:56:58
